<?xml version="1.0" encoding="UTF-8"?>
<project-private xmlns="http://www.netbeans.org/ns/project-private/1">
    <editor-bookmarks xmlns="http://www.netbeans.org/ns/editor-bookmarks/2" lastBookmarkId="0"/>
    <open-files xmlns="http://www.netbeans.org/ns/projectui-open-files/2">
        <group>
            <file>file:/C:/Users/Ola/Desktop/PolacikA_PWiR/Laboratorium09/KolkoKrzyzyk/src/kolkokrzyzyk/LogikaGryImpl.java</file>
            <file>file:/C:/Users/Ola/Desktop/PolacikA_PWiR/Laboratorium09/KolkoKrzyzyk/src/kolkokrzyzyk/ClientHandler.java</file>
            <file>file:/C:/Users/Ola/Desktop/PolacikA_PWiR/Laboratorium09/KolkoKrzyzyk/src/kolkokrzyzyk/Server.java</file>
            <file>file:/C:/Users/Ola/Desktop/PolacikA_PWiR/Laboratorium09/KolkoKrzyzyk/src/kolkokrzyzyk/KolkoKrzyzyk.java</file>
            <file>file:/C:/Users/Ola/Desktop/PolacikA_PWiR/Laboratorium09/KolkoKrzyzyk/src/kolkokrzyzyk/Client.java</file>
            <file>file:/C:/Users/Ola/Desktop/PolacikA_PWiR/Laboratorium09/KolkoKrzyzyk/src/kolkokrzyzyk/NewJFrame.java</file>
            <file>file:/C:/Users/Ola/Desktop/PolacikA_PWiR/Laboratorium09/KolkoKrzyzyk/src/kolkokrzyzyk/LogikaGry.java</file>
        </group>
    </open-files>
</project-private>
